Tarikh Miladi,Tarikh Hijri,Hari,Imsak,Subuh,Syuruk,Zohor,Asar,Maghrib,Isyak
01-Jan-21,17-Jaw-1442,Jumaat,5:44 AM,5:54 AM,7:07 AM,1:09 PM,4:32 PM,7:06 PM,8:21 PM
02-Jan-21,18-Jaw-1442,Sabtu,5:44 AM,5:54 AM,7:08 AM,1:09 PM,4:32 PM,7:07 PM,8:22 PM
03-Jan-21,19-Jaw-1442,Ahad,5:45 AM,5:55 AM,7:08 AM,1:09 PM,4:33 PM,7:07 PM,8:22 PM
04-Jan-21,20-Jaw-1442,Isnin,5:45 AM,5:55 AM,7:09 AM,1:10 PM,4:33 PM,7:08 PM,8:22 PM
05-Jan-21,21-Jaw-1442,Selasa,5:46 AM,5:56 AM,7:09 AM,1:10 PM,4:33 PM,7:08 PM,8:23 PM
06-Jan-21,22-Jaw-1442,Rabu,5:46 AM,5:56 AM,7:10 AM,1:11 PM,4:34 PM,7:09 PM,8:23 PM
07-Jan-21,23-Jaw-1442,Khamis,5:47 AM,5:57 AM,7:10 AM,1:11 PM,4:34 PM,7:09 PM,8:24 PM
08-Jan-21,24-Jaw-1442,Jumaat,5:47 AM,5:57 AM,7:10 AM,1:12 PM,4:35 PM,7:10 PM,8:24 PM
09-Jan-21,25-Jaw-1442,Sabtu,5:48 AM,5:58 AM,7:11 AM,1:12 PM,4:35 PM,7:10 PM,8:24 PM
10-Jan-21,26-Jaw-1442,Ahad,5:48 AM,5:58 AM,7:11 AM,1:12 PM,4:36 PM,7:11 PM,8:25 PM
11-Jan-21,27-Jaw-1442,Isnin,5:49 AM,5:59 AM,7:12 AM,1:13 PM,4:36 PM,7:11 PM,8:25 PM
12-Jan-21,28-Jaw-1442,Selasa,5:49 AM,5:59 AM,7:12 AM,1:13 PM,4:36 PM,7:11 PM,8:25 PM
13-Jan-21,29-Jaw-1442,Rabu,5:49 AM,5:59 AM,7:12 AM,1:14 PM,4:37 PM,7:12 PM,8:26 PM
14-Jan-21,01-Jak-1442,Khamis,5:50 AM,6:00 AM,7:13 AM,1:14 PM,4:37 PM,7:12 PM,8:26 PM
15-Jan-21,02-Jak-1442,Jumaat,5:50 AM,6:00 AM,7:13 AM,1:14 PM,4:37 PM,7:13 PM,8:26 PM
16-Jan-21,03-Jak-1442,Sabtu,5:51 AM,6:01 AM,7:13 AM,1:15 PM,4:38 PM,7:13 PM,8:27 PM
17-Jan-21,04-Jak-1442,Ahad,5:51 AM,6:01 AM,7:14 AM,1:15 PM,4:38 PM,7:13 PM,8:27 PM
18-Jan-21,05-Jak-1442,Isnin,5:51 AM,6:01 AM,7:14 AM,1:15 PM,4:38 PM,7:14 PM,8:27 PM
19-Jan-21,06-Jak-1442,Selasa,5:52 AM,6:02 AM,7:14 AM,1:16 PM,4:38 PM,7:14 PM,8:27 PM
20-Jan-21,07-Jak-1442,Rabu,5:52 AM,6:02 AM,7:14 AM,1:16 PM,4:39 PM,7:14 PM,8:28 PM
21-Jan-21,08-Jak-1442,Khamis,5:53 AM,6:03 AM,7:15 AM,1:16 PM,4:39 PM,7:15 PM,8:28 PM
22-Jan-21,09-Jak-1442,Jumaat,5:53 AM,6:03 AM,7:15 AM,1:17 PM,4:39 PM,7:15 PM,8:28 PM
23-Jan-21,10-Jak-1442,Sabtu,5:53 AM,6:03 AM,7:15 AM,1:17 PM,4:39 PM,7:15 PM,8:28 PM
24-Jan-21,11-Jak-1442,Ahad,5:54 AM,6:04 AM,7:15 AM,1:17 PM,4:39 PM,7:16 PM,8:28 PM
25-Jan-21,12-Jak-1442,Isnin,5:54 AM,6:04 AM,7:15 AM,1:17 PM,4:39 PM,7:16 PM,8:29 PM
26-Jan-21,13-Jak-1442,Selasa,5:54 AM,6:04 AM,7:16 AM,1:18 PM,4:40 PM,7:16 PM,8:29 PM
27-Jan-21,14-Jak-1442,Rabu,5:54 AM,6:04 AM,7:16 AM,1:18 PM,4:40 PM,7:16 PM,8:29 PM
28-Jan-21,15-Jak-1442,Khamis,5:55 AM,6:05 AM,7:16 AM,1:18 PM,4:40 PM,7:17 PM,8:29 PM
29-Jan-21,16-Jak-1442,Jumaat,5:55 AM,6:05 AM,7:16 AM,1:18 PM,4:40 PM,7:17 PM,8:29 PM
30-Jan-21,17-Jak-1442,Sabtu,5:55 AM,6:05 AM,7:16 AM,1:18 PM,4:40 PM,7:17 PM,8:29 PM
31-Jan-21,18-Jak-1442,Ahad,5:55 AM,6:05 AM,7:16 AM,1:18 PM,4:40 PM,7:17 PM,8:29 PM
01-Feb-21,19-Jak-1442,Isnin,5:56 AM,6:06 AM,7:16 AM,1:19 PM,4:40 PM,7:18 PM,8:29 PM
02-Feb-21,20-Jak-1442,Selasa,5:56 AM,6:06 AM,7:16 AM,1:19 PM,4:40 PM,7:18 PM,8:29 PM
03-Feb-21,21-Jak-1442,Rabu,5:56 AM,6:06 AM,7:17 AM,1:19 PM,4:40 PM,7:18 PM,8:29 PM
04-Feb-21,22-Jak-1442,Khamis,5:56 AM,6:06 AM,7:17 AM,1:19 PM,4:40 PM,7:18 PM,8:30 PM
05-Feb-21,23-Jak-1442,Jumaat,5:56 AM,6:06 AM,7:17 AM,1:19 PM,4:40 PM,7:18 PM,8:30 PM
06-Feb-21,24-Jak-1442,Sabtu,5:56 AM,6:06 AM,7:17 AM,1:19 PM,4:40 PM,7:18 PM,8:30 PM
07-Feb-21,25-Jak-1442,Ahad,5:56 AM,6:06 AM,7:17 AM,1:19 PM,4:40 PM,7:18 PM,8:30 PM
08-Feb-21,26-Jak-1442,Isnin,5:56 AM,6:06 AM,7:17 AM,1:19 PM,4:39 PM,7:19 PM,8:30 PM
09-Feb-21,27-Jak-1442,Selasa,5:57 AM,6:07 AM,7:17 AM,1:19 PM,4:39 PM,7:19 PM,8:30 PM
10-Feb-21,28-Jak-1442,Rabu,5:57 AM,6:07 AM,7:17 AM,1:19 PM,4:39 PM,7:19 PM,8:30 PM
11-Feb-21,29-Jak-1442,Khamis,5:57 AM,6:07 AM,7:16 AM,1:19 PM,4:39 PM,7:19 PM,8:30 PM
12-Feb-21,30-Jak-1442,Jumaat,5:57 AM,6:07 AM,7:16 AM,1:19 PM,4:39 PM,7:19 PM,8:29 PM
13-Feb-21,01-Rej-1442,Sabtu,5:57 AM,6:07 AM,7:16 AM,1:19 PM,4:38 PM,7:19 PM,8:29 PM
14-Feb-21,02-Rej-1442,Ahad,5:57 AM,6:07 AM,7:16 AM,1:19 PM,4:38 PM,7:19 PM,8:29 PM
15-Feb-21,03-Rej-1442,Isnin,5:57 AM,6:07 AM,7:16 AM,1:19 PM,4:38 PM,7:19 PM,8:29 PM
16-Feb-21,04-Rej-1442,Selasa,5:57 AM,6:07 AM,7:16 AM,1:19 PM,4:38 PM,7:19 PM,8:29 PM
17-Feb-21,05-Rej-1442,Rabu,5:57 AM,6:07 AM,7:16 AM,1:19 PM,4:37 PM,7:19 PM,8:29 PM
18-Feb-21,06-Rej-1442,Khamis,5:57 AM,6:07 AM,7:16 AM,1:19 PM,4:37 PM,7:19 PM,8:29 PM
19-Feb-21,07-Rej-1442,Jumaat,5:57 AM,6:07 AM,7:16 AM,1:19 PM,4:36 PM,7:19 PM,8:29 PM
20-Feb-21,08-Rej-1442,Sabtu,5:56 AM,6:06 AM,7:15 AM,1:19 PM,4:36 PM,7:19 PM,8:29 PM
21-Feb-21,09-Rej-1442,Ahad,5:56 AM,6:06 AM,7:15 AM,1:19 PM,4:36 PM,7:19 PM,8:29 PM
22-Feb-21,10-Rej-1442,Isnin,5:56 AM,6:06 AM,7:15 AM,1:18 PM,4:35 PM,7:19 PM,8:28 PM
23-Feb-21,11-Rej-1442,Selasa,5:56 AM,6:06 AM,7:15 AM,1:18 PM,4:35 PM,7:19 PM,8:28 PM
24-Feb-21,12-Rej-1442,Rabu,5:56 AM,6:06 AM,7:15 AM,1:18 PM,4:34 PM,7:19 PM,8:28 PM
25-Feb-21,13-Rej-1442,Khamis,5:56 AM,6:06 AM,7:14 AM,1:18 PM,4:34 PM,7:19 PM,8:28 PM
26-Feb-21,14-Rej-1442,Jumaat,5:56 AM,6:06 AM,7:14 AM,1:18 PM,4:33 PM,7:18 PM,8:28 PM
27-Feb-21,15-Rej-1442,Sabtu,5:56 AM,6:06 AM,7:14 AM,1:18 PM,4:33 PM,7:18 PM,8:28 PM
28-Feb-21,16-Rej-1442,Ahad,5:55 AM,6:05 AM,7:14 AM,1:17 PM,4:32 PM,7:18 PM,8:28 PM
01-Mar-21,17-Rej-1442,Isnin,5:55 AM,6:05 AM,7:13 AM,1:17 PM,4:32 PM,7:18 PM,8:27 PM
02-Mar-21,18-Rej-1442,Selasa,5:55 AM,6:05 AM,7:13 AM,1:17 PM,4:31 PM,7:18 PM,8:27 PM
03-Mar-21,19-Rej-1442,Rabu,5:55 AM,6:05 AM,7:13 AM,1:17 PM,4:30 PM,7:18 PM,8:27 PM
04-Mar-21,20-Rej-1442,Khamis,5:54 AM,6:04 AM,7:13 AM,1:17 PM,4:30 PM,7:18 PM,8:27 PM
05-Mar-21,21-Rej-1442,Jumaat,5:54 AM,6:04 AM,7:12 AM,1:16 PM,4:29 PM,7:18 PM,8:27 PM
06-Mar-21,22-Rej-1442,Sabtu,5:54 AM,6:04 AM,7:12 AM,1:16 PM,4:28 PM,7:17 PM,8:26 PM
07-Mar-21,23-Rej-1442,Ahad,5:54 AM,6:04 AM,7:12 AM,1:16 PM,4:28 PM,7:17 PM,8:26 PM
08-Mar-21,24-Rej-1442,Isnin,5:53 AM,6:03 AM,7:11 AM,1:16 PM,4:27 PM,7:17 PM,8:26 PM
09-Mar-21,25-Rej-1442,Selasa,5:53 AM,6:03 AM,7:11 AM,1:16 PM,4:26 PM,7:17 PM,8:26 PM
10-Mar-21,26-Rej-1442,Rabu,5:53 AM,6:03 AM,7:11 AM,1:15 PM,4:25 PM,7:17 PM,8:26 PM
11-Mar-21,27-Rej-1442,Khamis,5:53 AM,6:03 AM,7:10 AM,1:15 PM,4:25 PM,7:16 PM,8:25 PM
12-Mar-21,28-Rej-1442,Jumaat,5:52 AM,6:02 AM,7:10 AM,1:15 PM,4:24 PM,7:16 PM,8:25 PM
13-Mar-21,29-Rej-1442,Sabtu,5:52 AM,6:02 AM,7:10 AM,1:14 PM,4:23 PM,7:16 PM,8:25 PM
14-Mar-21,30-Rej-1442,Ahad,5:52 AM,6:02 AM,7:09 AM,1:14 PM,4:22 PM,7:16 PM,8:25 PM
15-Mar-21,01-Syb-1442,Isnin,5:51 AM,6:01 AM,7:09 AM,1:14 PM,4:21 PM,7:16 PM,8:24 PM
16-Mar-21,02-Syb-1442,Selasa,5:51 AM,6:01 AM,7:09 AM,1:14 PM,4:20 PM,7:16 PM,8:24 PM
17-Mar-21,03-Syb-1442,Rabu,5:51 AM,6:01 AM,7:08 AM,1:13 PM,4:20 PM,7:15 PM,8:24 PM
18-Mar-21,04-Syb-1442,Khamis,5:50 AM,6:00 AM,7:08 AM,1:13 PM,4:19 PM,7:15 PM,8:24 PM
19-Mar-21,05-Syb-1442,Jumaat,5:50 AM,6:00 AM,7:08 AM,1:13 PM,4:18 PM,7:15 PM,8:24 PM
20-Mar-21,06-Syb-1442,Sabtu,5:49 AM,5:59 AM,7:07 AM,1:12 PM,4:17 PM,7:15 PM,8:23 PM
21-Mar-21,07-Syb-1442,Ahad,5:49 AM,5:59 AM,7:07 AM,1:12 PM,4:16 PM,7:14 PM,8:23 PM
22-Mar-21,08-Syb-1442,Isnin,5:49 AM,5:59 AM,7:06 AM,1:12 PM,4:15 PM,7:14 PM,8:23 PM
23-Mar-21,09-Syb-1442,Selasa,5:48 AM,5:58 AM,7:06 AM,1:12 PM,4:14 PM,7:14 PM,8:23 PM
24-Mar-21,10-Syb-1442,Rabu,5:48 AM,5:58 AM,7:06 AM,1:12 PM,4:13 PM,7:14 PM,8:23 PM
25-Mar-21,11-Syb-1442,Khamis,5:47 AM,5:57 AM,7:05 AM,1:11 PM,4:12 PM,7:14 PM,8:22 PM
26-Mar-21,12-Syb-1442,Jumaat,5:47 AM,5:57 AM,7:05 AM,1:11 PM,4:11 PM,7:13 PM,8:22 PM
27-Mar-21,13-Syb-1442,Sabtu,5:47 AM,5:57 AM,7:05 AM,1:11 PM,4:10 PM,7:13 PM,8:22 PM
28-Mar-21,14-Syb-1442,Ahad,5:46 AM,5:56 AM,7:04 AM,1:10 PM,4:10 PM,7:13 PM,8:22 PM
29-Mar-21,15-Syb-1442,Isnin,5:46 AM,5:56 AM,7:04 AM,1:10 PM,4:10 PM,7:13 PM,8:22 PM
30-Mar-21,16-Syb-1442,Selasa,5:45 AM,5:55 AM,7:03 AM,1:10 PM,4:11 PM,7:12 PM,8:21 PM
31-Mar-21,17-Syb-1442,Rabu,5:45 AM,5:55 AM,7:03 AM,1:09 PM,4:11 PM,7:12 PM,8:21 PM
01-Apr-21,18-Syb-1442,Khamis,5:45 AM,5:55 AM,7:03 AM,1:09 PM,4:11 PM,7:12 PM,8:21 PM
02-Apr-21,19-Syb-1442,Jumaat,5:44 AM,5:54 AM,7:02 AM,1:09 PM,4:12 PM,7:12 PM,8:21 PM
03-Apr-21,20-Syb-1442,Sabtu,5:44 AM,5:54 AM,7:02 AM,1:09 PM,4:12 PM,7:12 PM,8:21 PM
04-Apr-21,21-Syb-1442,Ahad,5:43 AM,5:53 AM,7:02 AM,1:08 PM,4:13 PM,7:11 PM,8:21 PM
05-Apr-21,22-Syb-1442,Isnin,5:43 AM,5:53 AM,7:01 AM,1:08 PM,4:13 PM,7:11 PM,8:20 PM
06-Apr-21,23-Syb-1442,Selasa,5:43 AM,5:53 AM,7:01 AM,1:08 PM,4:13 PM,7:11 PM,8:20 PM
07-Apr-21,24-Syb-1442,Rabu,5:42 AM,5:52 AM,7:00 AM,1:07 PM,4:14 PM,7:11 PM,8:20 PM
08-Apr-21,25-Syb-1442,Khamis,5:42 AM,5:52 AM,7:00 AM,1:07 PM,4:14 PM,7:11 PM,8:20 PM
09-Apr-21,26-Syb-1442,Jumaat,5:41 AM,5:51 AM,7:00 AM,1:07 PM,4:15 PM,7:10 PM,8:20 PM
10-Apr-21,27-Syb-1442,Sabtu,5:41 AM,5:51 AM,6:59 AM,1:07 PM,4:15 PM,7:10 PM,8:20 PM
11-Apr-21,28-Syb-1442,Ahad,5:40 AM,5:50 AM,6:59 AM,1:06 PM,4:15 PM,7:10 PM,8:20 PM
12-Apr-21,29-Syb-1442,Isnin,5:40 AM,5:50 AM,6:59 AM,1:06 PM,4:15 PM,7:10 PM,8:19 PM
13-Apr-21,01-Ram-1442,Selasa,5:40 AM,5:50 AM,6:58 AM,1:06 PM,4:16 PM,7:10 PM,8:19 PM
14-Apr-21,02-Ram-1442,Rabu,5:39 AM,5:49 AM,6:58 AM,1:06 PM,4:16 PM,7:09 PM,8:19 PM
15-Apr-21,03-Ram-1442,Khamis,5:39 AM,5:49 AM,6:58 AM,1:05 PM,4:16 PM,7:09 PM,8:19 PM
16-Apr-21,04-Ram-1442,Jumaat,5:38 AM,5:48 AM,6:57 AM,1:05 PM,4:17 PM,7:09 PM,8:19 PM
17-Apr-21,05-Ram-1442,Sabtu,5:38 AM,5:48 AM,6:57 AM,1:05 PM,4:17 PM,7:09 PM,8:19 PM
18-Apr-21,06-Ram-1442,Ahad,5:38 AM,5:48 AM,6:57 AM,1:05 PM,4:17 PM,7:09 PM,8:19 PM
19-Apr-21,07-Ram-1442,Isnin,5:37 AM,5:47 AM,6:57 AM,1:04 PM,4:17 PM,7:09 PM,8:19 PM
20-Apr-21,08-Ram-1442,Selasa,5:37 AM,5:47 AM,6:56 AM,1:04 PM,4:18 PM,7:08 PM,8:19 PM
21-Apr-21,09-Ram-1442,Rabu,5:37 AM,5:47 AM,6:56 AM,1:04 PM,4:18 PM,7:08 PM,8:19 PM
22-Apr-21,10-Ram-1442,Khamis,5:36 AM,5:46 AM,6:56 AM,1:04 PM,4:18 PM,7:08 PM,8:19 PM
23-Apr-21,11-Ram-1442,Jumaat,5:36 AM,5:46 AM,6:55 AM,1:03 PM,4:18 PM,7:08 PM,8:19 PM
24-Apr-21,12-Ram-1442,Sabtu,5:35 AM,5:45 AM,6:55 AM,1:03 PM,4:19 PM,7:08 PM,8:19 PM
25-Apr-21,13-Ram-1442,Ahad,5:35 AM,5:45 AM,6:55 AM,1:03 PM,4:19 PM,7:08 PM,8:19 PM
26-Apr-21,14-Ram-1442,Isnin,5:35 AM,5:45 AM,6:55 AM,1:03 PM,4:19 PM,7:08 PM,8:19 PM
27-Apr-21,15-Ram-1442,Selasa,5:34 AM,5:44 AM,6:54 AM,1:03 PM,4:19 PM,7:08 PM,8:19 PM
28-Apr-21,16-Ram-1442,Rabu,5:34 AM,5:44 AM,6:54 AM,1:03 PM,4:20 PM,7:08 PM,8:19 PM
29-Apr-21,17-Ram-1442,Khamis,5:34 AM,5:44 AM,6:54 AM,1:02 PM,4:20 PM,7:08 PM,8:19 PM
30-Apr-21,18-Ram-1442,Jumaat,5:33 AM,5:43 AM,6:54 AM,1:02 PM,4:20 PM,7:08 PM,8:19 PM
01-May-21,19-Ram-1442,Sabtu,5:33 AM,5:43 AM,6:54 AM,1:02 PM,4:20 PM,7:07 PM,8:19 PM
02-May-21,20-Ram-1442,Ahad,5:33 AM,5:43 AM,6:53 AM,1:02 PM,4:20 PM,7:07 PM,8:19 PM
03-May-21,21-Ram-1442,Isnin,5:33 AM,5:43 AM,6:53 AM,1:02 PM,4:21 PM,7:07 PM,8:19 PM
04-May-21,22-Ram-1442,Selasa,5:32 AM,5:42 AM,6:53 AM,1:02 PM,4:21 PM,7:07 PM,8:19 PM
05-May-21,23-Ram-1442,Rabu,5:32 AM,5:42 AM,6:53 AM,1:02 PM,4:21 PM,7:07 PM,8:19 PM
06-May-21,24-Ram-1442,Khamis,5:32 AM,5:42 AM,6:53 AM,1:02 PM,4:21 PM,7:07 PM,8:19 PM
07-May-21,25-Ram-1442,Jumaat,5:31 AM,5:41 AM,6:53 AM,1:02 PM,4:22 PM,7:07 PM,8:20 PM
08-May-21,26-Ram-1442,Sabtu,5:31 AM,5:41 AM,6:52 AM,1:02 PM,4:22 PM,7:07 PM,8:20 PM
09-May-21,27-Ram-1442,Ahad,5:31 AM,5:41 AM,6:52 AM,1:01 PM,4:22 PM,7:07 PM,8:20 PM
10-May-21,28-Ram-1442,Isnin,5:31 AM,5:41 AM,6:52 AM,1:01 PM,4:22 PM,7:07 PM,8:20 PM
11-May-21,29-Ram-1442,Selasa,5:31 AM,5:41 AM,6:52 AM,1:01 PM,4:22 PM,7:07 PM,8:20 PM
12-May-21,30-Ram-1442,Rabu,5:30 AM,5:40 AM,6:52 AM,1:01 PM,4:23 PM,7:07 PM,8:20 PM
13-May-21,01-Syw-1442,Khamis,5:30 AM,5:40 AM,6:52 AM,1:01 PM,4:23 PM,7:08 PM,8:20 PM
14-May-21,02-Syw-1442,Jumaat,5:30 AM,5:40 AM,6:52 AM,1:01 PM,4:23 PM,7:08 PM,8:21 PM
15-May-21,03-Syw-1442,Sabtu,5:30 AM,5:40 AM,6:52 AM,1:01 PM,4:23 PM,7:08 PM,8:21 PM
16-May-21,04-Syw-1442,Ahad,5:30 AM,5:40 AM,6:52 AM,1:01 PM,4:24 PM,7:08 PM,8:21 PM
17-May-21,05-Syw-1442,Isnin,5:30 AM,5:40 AM,6:52 AM,1:01 PM,4:24 PM,7:08 PM,8:21 PM
18-May-21,06-Syw-1442,Selasa,5:29 AM,5:39 AM,6:52 AM,1:01 PM,4:24 PM,7:08 PM,8:21 PM
19-May-21,07-Syw-1442,Rabu,5:29 AM,5:39 AM,6:52 AM,1:01 PM,4:24 PM,7:08 PM,8:22 PM
20-May-21,08-Syw-1442,Khamis,5:29 AM,5:39 AM,6:52 AM,1:01 PM,4:25 PM,7:08 PM,8:22 PM
21-May-21,09-Syw-1442,Jumaat,5:29 AM,5:39 AM,6:52 AM,1:01 PM,4:25 PM,7:08 PM,8:22 PM
22-May-21,10-Syw-1442,Sabtu,5:29 AM,5:39 AM,6:52 AM,1:02 PM,4:25 PM,7:08 PM,8:22 PM
23-May-21,11-Syw-1442,Ahad,5:29 AM,5:39 AM,6:52 AM,1:02 PM,4:25 PM,7:08 PM,8:22 PM
24-May-21,12-Syw-1442,Isnin,5:29 AM,5:39 AM,6:52 AM,1:02 PM,4:25 PM,7:09 PM,8:23 PM
25-May-21,13-Syw-1442,Selasa,5:29 AM,5:39 AM,6:52 AM,1:02 PM,4:26 PM,7:09 PM,8:23 PM
26-May-21,14-Syw-1442,Rabu,5:29 AM,5:39 AM,6:52 AM,1:02 PM,4:26 PM,7:09 PM,8:23 PM
27-May-21,15-Syw-1442,Khamis,5:29 AM,5:39 AM,6:52 AM,1:02 PM,4:26 PM,7:09 PM,8:23 PM
28-May-21,16-Syw-1442,Jumaat,5:29 AM,5:39 AM,6:52 AM,1:02 PM,4:26 PM,7:09 PM,8:24 PM
29-May-21,17-Syw-1442,Sabtu,5:29 AM,5:39 AM,6:52 AM,1:02 PM,4:27 PM,7:09 PM,8:24 PM
30-May-21,18-Syw-1442,Ahad,5:29 AM,5:39 AM,6:52 AM,1:02 PM,4:27 PM,7:10 PM,8:24 PM
31-May-21,19-Syw-1442,Isnin,5:29 AM,5:39 AM,6:52 AM,1:02 PM,4:27 PM,7:10 PM,8:24 PM
01-Jun-21,20-Syw-1442,Selasa,5:29 AM,5:39 AM,6:53 AM,1:03 PM,4:27 PM,7:10 PM,8:25 PM
02-Jun-21,21-Syw-1442,Rabu,5:29 AM,5:39 AM,6:53 AM,1:03 PM,4:28 PM,7:10 PM,8:25 PM
03-Jun-21,22-Syw-1442,Khamis,5:29 AM,5:39 AM,6:53 AM,1:03 PM,4:28 PM,7:10 PM,8:25 PM
04-Jun-21,23-Syw-1442,Jumaat,5:29 AM,5:39 AM,6:53 AM,1:03 PM,4:28 PM,7:11 PM,8:25 PM
05-Jun-21,24-Syw-1442,Sabtu,5:29 AM,5:39 AM,6:53 AM,1:03 PM,4:28 PM,7:11 PM,8:26 PM
06-Jun-21,25-Syw-1442,Ahad,5:29 AM,5:39 AM,6:53 AM,1:03 PM,4:29 PM,7:11 PM,8:26 PM
07-Jun-21,26-Syw-1442,Isnin,5:29 AM,5:39 AM,6:53 AM,1:04 PM,4:29 PM,7:11 PM,8:26 PM
08-Jun-21,27-Syw-1442,Selasa,5:29 AM,5:39 AM,6:54 AM,1:04 PM,4:29 PM,7:11 PM,8:27 PM
09-Jun-21,28-Syw-1442,Rabu,5:30 AM,5:40 AM,6:54 AM,1:04 PM,4:29 PM,7:12 PM,8:27 PM
10-Jun-21,29-Syw-1442,Khamis,5:30 AM,5:40 AM,6:54 AM,1:04 PM,4:30 PM,7:12 PM,8:27 PM
11-Jun-21,30-Syw-1442,Jumaat,5:30 AM,5:40 AM,6:54 AM,1:04 PM,4:30 PM,7:12 PM,8:27 PM
12-Jun-21,01-Zkh-1442,Sabtu,5:30 AM,5:40 AM,6:54 AM,1:05 PM,4:30 PM,7:12 PM,8:28 PM
13-Jun-21,02-Zkh-1442,Ahad,5:30 AM,5:40 AM,6:54 AM,1:05 PM,4:31 PM,7:12 PM,8:28 PM
14-Jun-21,03-Zkh-1442,Isnin,5:30 AM,5:40 AM,6:55 AM,1:05 PM,4:31 PM,7:13 PM,8:28 PM
15-Jun-21,04-Zkh-1442,Selasa,5:30 AM,5:40 AM,6:55 AM,1:05 PM,4:31 PM,7:13 PM,8:28 PM
16-Jun-21,05-Zkh-1442,Rabu,5:31 AM,5:41 AM,6:55 AM,1:05 PM,4:31 PM,7:13 PM,8:29 PM
17-Jun-21,06-Zkh-1442,Khamis,5:31 AM,5:41 AM,6:55 AM,1:06 PM,4:31 PM,7:13 PM,8:29 PM
18-Jun-21,07-Zkh-1442,Jumaat,5:31 AM,5:41 AM,6:56 AM,1:06 PM,4:32 PM,7:14 PM,8:29 PM
19-Jun-21,08-Zkh-1442,Sabtu,5:31 AM,5:41 AM,6:56 AM,1:06 PM,4:32 PM,7:14 PM,8:29 PM
20-Jun-21,09-Zkh-1442,Ahad,5:31 AM,5:41 AM,6:56 AM,1:06 PM,4:32 PM,7:14 PM,8:30 PM
21-Jun-21,10-Zkh-1442,Isnin,5:32 AM,5:42 AM,6:56 AM,1:07 PM,4:32 PM,7:14 PM,8:30 PM
22-Jun-21,11-Zkh-1442,Selasa,5:32 AM,5:42 AM,6:56 AM,1:07 PM,4:33 PM,7:14 PM,8:30 PM
23-Jun-21,12-Zkh-1442,Rabu,5:32 AM,5:42 AM,6:57 AM,1:07 PM,4:33 PM,7:15 PM,8:30 PM
24-Jun-21,13-Zkh-1442,Khamis,5:32 AM,5:42 AM,6:57 AM,1:07 PM,4:33 PM,7:15 PM,8:30 PM
25-Jun-21,14-Zkh-1442,Jumaat,5:33 AM,5:43 AM,6:57 AM,1:07 PM,4:33 PM,7:15 PM,8:31 PM
26-Jun-21,15-Zkh-1442,Sabtu,5:33 AM,5:43 AM,6:57 AM,1:08 PM,4:33 PM,7:15 PM,8:31 PM
27-Jun-21,16-Zkh-1442,Ahad,5:33 AM,5:43 AM,6:57 AM,1:08 PM,4:34 PM,7:15 PM,8:31 PM
28-Jun-21,17-Zkh-1442,Isnin,5:33 AM,5:43 AM,6:58 AM,1:08 PM,4:34 PM,7:16 PM,8:31 PM
29-Jun-21,18-Zkh-1442,Selasa,5:33 AM,5:43 AM,6:58 AM,1:08 PM,4:34 PM,7:16 PM,8:31 PM
30-Jun-21,19-Zkh-1442,Rabu,5:34 AM,5:44 AM,6:58 AM,1:08 PM,4:34 PM,7:16 PM,8:31 PM
01-Jul-21,20-Zkh-1442,Khamis,5:34 AM,5:44 AM,6:58 AM,1:09 PM,4:34 PM,7:16 PM,8:32 PM
02-Jul-21,21-Zkh-1442,Jumaat,5:34 AM,5:44 AM,6:59 AM,1:09 PM,4:34 PM,7:16 PM,8:32 PM
03-Jul-21,22-Zkh-1442,Sabtu,5:34 AM,5:44 AM,6:59 AM,1:09 PM,4:35 PM,7:17 PM,8:32 PM
04-Jul-21,23-Zkh-1442,Ahad,5:35 AM,5:45 AM,6:59 AM,1:09 PM,4:35 PM,7:17 PM,8:32 PM
05-Jul-21,24-Zkh-1442,Isnin,5:35 AM,5:45 AM,6:59 AM,1:09 PM,4:35 PM,7:17 PM,8:32 PM
06-Jul-21,25-Zkh-1442,Selasa,5:35 AM,5:45 AM,6:59 AM,1:10 PM,4:35 PM,7:17 PM,8:32 PM
07-Jul-21,26-Zkh-1442,Rabu,5:36 AM,5:46 AM,7:00 AM,1:10 PM,4:35 PM,7:17 PM,8:32 PM
08-Jul-21,27-Zkh-1442,Khamis,5:36 AM,5:46 AM,7:00 AM,1:10 PM,4:35 PM,7:17 PM,8:32 PM
09-Jul-21,28-Zkh-1442,Jumaat,5:36 AM,5:46 AM,7:00 AM,1:10 PM,4:35 PM,7:17 PM,8:32 PM
10-Jul-21,29-Zkh-1442,Sabtu,5:36 AM,5:46 AM,7:00 AM,1:10 PM,4:35 PM,7:17 PM,8:32 PM
11-Jul-21,01-Zhj-1442,Ahad,5:37 AM,5:47 AM,7:00 AM,1:10 PM,4:35 PM,7:18 PM,8:32 PM
12-Jul-21,02-Zhj-1442,Isnin,5:37 AM,5:47 AM,7:00 AM,1:10 PM,4:35 PM,7:18 PM,8:32 PM
13-Jul-21,03-Zhj-1442,Selasa,5:37 AM,5:47 AM,7:01 AM,1:11 PM,4:35 PM,7:18 PM,8:32 PM
14-Jul-21,04-Zhj-1442,Rabu,5:37 AM,5:47 AM,7:01 AM,1:11 PM,4:35 PM,7:18 PM,8:32 PM
15-Jul-21,05-Zhj-1442,Khamis,5:37 AM,5:47 AM,7:01 AM,1:11 PM,4:35 PM,7:18 PM,8:32 PM
16-Jul-21,06-Zhj-1442,Jumaat,5:38 AM,5:48 AM,7:01 AM,1:11 PM,4:35 PM,7:18 PM,8:32 PM
17-Jul-21,07-Zhj-1442,Sabtu,5:38 AM,5:48 AM,7:01 AM,1:11 PM,4:35 PM,7:18 PM,8:32 PM
18-Jul-21,08-Zhj-1442,Ahad,5:38 AM,5:48 AM,7:01 AM,1:11 PM,4:35 PM,7:18 PM,8:32 PM
19-Jul-21,09-Zhj-1442,Isnin,5:38 AM,5:48 AM,7:01 AM,1:11 PM,4:35 PM,7:18 PM,8:32 PM
20-Jul-21,10-Zhj-1442,Selasa,5:39 AM,5:49 AM,7:01 AM,1:11 PM,4:35 PM,7:18 PM,8:32 PM
21-Jul-21,11-Zhj-1442,Rabu,5:39 AM,5:49 AM,7:02 AM,1:11 PM,4:35 PM,7:18 PM,8:32 PM
22-Jul-21,12-Zhj-1442,Khamis,5:39 AM,5:49 AM,7:02 AM,1:11 PM,4:35 PM,7:18 PM,8:32 PM
23-Jul-21,13-Zhj-1442,Jumaat,5:39 AM,5:49 AM,7:02 AM,1:11 PM,4:35 PM,7:18 PM,8:32 PM
24-Jul-21,14-Zhj-1442,Sabtu,5:39 AM,5:49 AM,7:02 AM,1:11 PM,4:35 PM,7:18 PM,8:31 PM
25-Jul-21,15-Zhj-1442,Ahad,5:39 AM,5:49 AM,7:02 AM,1:11 PM,4:34 PM,7:18 PM,8:31 PM
26-Jul-21,16-Zhj-1442,Isnin,5:40 AM,5:50 AM,7:02 AM,1:11 PM,4:34 PM,7:18 PM,8:31 PM
27-Jul-21,17-Zhj-1442,Selasa,5:40 AM,5:50 AM,7:02 AM,1:11 PM,4:34 PM,7:18 PM,8:31 PM
28-Jul-21,18-Zhj-1442,Rabu,5:40 AM,5:50 AM,7:02 AM,1:11 PM,4:34 PM,7:18 PM,8:31 PM
29-Jul-21,19-Zhj-1442,Khamis,5:40 AM,5:50 AM,7:02 AM,1:11 PM,4:33 PM,7:18 PM,8:31 PM
30-Jul-21,20-Zhj-1442,Jumaat,5:40 AM,5:50 AM,7:02 AM,1:11 PM,4:33 PM,7:18 PM,8:30 PM
31-Jul-21,21-Zhj-1442,Sabtu,5:40 AM,5:50 AM,7:02 AM,1:11 PM,4:33 PM,7:17 PM,8:30 PM
01-Aug-21,22-Zhj-1442,Ahad,5:40 AM,5:50 AM,7:02 AM,1:11 PM,4:33 PM,7:17 PM,8:30 PM
02-Aug-21,23-Zhj-1442,Isnin,5:41 AM,5:51 AM,7:02 AM,1:11 PM,4:32 PM,7:17 PM,8:30 PM
03-Aug-21,24-Zhj-1442,Selasa,5:41 AM,5:51 AM,7:02 AM,1:11 PM,4:32 PM,7:17 PM,8:29 PM
04-Aug-21,25-Zhj-1442,Rabu,5:41 AM,5:51 AM,7:02 AM,1:11 PM,4:32 PM,7:17 PM,8:29 PM
05-Aug-21,26-Zhj-1442,Khamis,5:41 AM,5:51 AM,7:02 AM,1:11 PM,4:31 PM,7:17 PM,8:29 PM
06-Aug-21,27-Zhj-1442,Jumaat,5:41 AM,5:51 AM,7:02 AM,1:11 PM,4:31 PM,7:17 PM,8:29 PM
07-Aug-21,28-Zhj-1442,Sabtu,5:41 AM,5:51 AM,7:02 AM,1:11 PM,4:31 PM,7:16 PM,8:28 PM
08-Aug-21,29-Zhj-1442,Ahad,5:41 AM,5:51 AM,7:02 AM,1:11 PM,4:30 PM,7:16 PM,8:28 PM
09-Aug-21,30-Zhj-1442,Isnin,5:41 AM,5:51 AM,7:02 AM,1:11 PM,4:30 PM,7:16 PM,8:28 PM
10-Aug-21,01-Muh-1443,Selasa,5:41 AM,5:51 AM,7:02 AM,1:10 PM,4:29 PM,7:16 PM,8:27 PM
11-Aug-21,02-Muh-1443,Rabu,5:41 AM,5:51 AM,7:02 AM,1:10 PM,4:29 PM,7:16 PM,8:27 PM
12-Aug-21,03-Muh-1443,Khamis,5:41 AM,5:51 AM,7:02 AM,1:10 PM,4:28 PM,7:15 PM,8:27 PM
13-Aug-21,04-Muh-1443,Jumaat,5:41 AM,5:51 AM,7:01 AM,1:10 PM,4:28 PM,7:15 PM,8:26 PM
14-Aug-21,05-Muh-1443,Sabtu,5:41 AM,5:51 AM,7:01 AM,1:10 PM,4:27 PM,7:15 PM,8:26 PM
15-Aug-21,06-Muh-1443,Ahad,5:41 AM,5:51 AM,7:01 AM,1:10 PM,4:27 PM,7:15 PM,8:26 PM
16-Aug-21,07-Muh-1443,Isnin,5:41 AM,5:51 AM,7:01 AM,1:09 PM,4:26 PM,7:14 PM,8:25 PM
17-Aug-21,08-Muh-1443,Selasa,5:41 AM,5:51 AM,7:01 AM,1:09 PM,4:25 PM,7:14 PM,8:25 PM
18-Aug-21,09-Muh-1443,Rabu,5:41 AM,5:51 AM,7:01 AM,1:09 PM,4:25 PM,7:14 PM,8:24 PM
19-Aug-21,10-Muh-1443,Khamis,5:41 AM,5:51 AM,7:01 AM,1:09 PM,4:24 PM,7:13 PM,8:24 PM
20-Aug-21,11-Muh-1443,Jumaat,5:41 AM,5:51 AM,7:00 AM,1:09 PM,4:24 PM,7:13 PM,8:24 PM
21-Aug-21,12-Muh-1443,Sabtu,5:41 AM,5:51 AM,7:00 AM,1:08 PM,4:23 PM,7:13 PM,8:23 PM
22-Aug-21,13-Muh-1443,Ahad,5:41 AM,5:51 AM,7:00 AM,1:08 PM,4:22 PM,7:12 PM,8:23 PM
23-Aug-21,14-Muh-1443,Isnin,5:41 AM,5:51 AM,7:00 AM,1:08 PM,4:21 PM,7:12 PM,8:22 PM
24-Aug-21,15-Muh-1443,Selasa,5:41 AM,5:51 AM,7:00 AM,1:08 PM,4:21 PM,7:12 PM,8:22 PM
25-Aug-21,16-Muh-1443,Rabu,5:40 AM,5:50 AM,7:00 AM,1:07 PM,4:20 PM,7:11 PM,8:21 PM
26-Aug-21,17-Muh-1443,Khamis,5:40 AM,5:50 AM,6:59 AM,1:07 PM,4:19 PM,7:11 PM,8:21 PM
27-Aug-21,18-Muh-1443,Jumaat,5:40 AM,5:50 AM,6:59 AM,1:07 PM,4:18 PM,7:11 PM,8:21 PM
28-Aug-21,19-Muh-1443,Sabtu,5:40 AM,5:50 AM,6:59 AM,1:06 PM,4:18 PM,7:10 PM,8:20 PM
29-Aug-21,20-Muh-1443,Ahad,5:40 AM,5:50 AM,6:59 AM,1:06 PM,4:17 PM,7:10 PM,8:20 PM
30-Aug-21,21-Muh-1443,Isnin,5:40 AM,5:50 AM,6:58 AM,1:06 PM,4:16 PM,7:10 PM,8:19 PM
31-Aug-21,22-Muh-1443,Selasa,5:40 AM,5:50 AM,6:58 AM,1:06 PM,4:15 PM,7:09 PM,8:19 PM
01-Sep-21,23-Muh-1443,Rabu,5:39 AM,5:49 AM,6:58 AM,1:05 PM,4:14 PM,7:09 PM,8:18 PM
02-Sep-21,24-Muh-1443,Khamis,5:39 AM,5:49 AM,6:58 AM,1:05 PM,4:13 PM,7:08 PM,8:18 PM
03-Sep-21,25-Muh-1443,Jumaat,5:39 AM,5:49 AM,6:58 AM,1:05 PM,4:12 PM,7:08 PM,8:17 PM
04-Sep-21,26-Muh-1443,Sabtu,5:39 AM,5:49 AM,6:57 AM,1:04 PM,4:11 PM,7:08 PM,8:17 PM
05-Sep-21,27-Muh-1443,Ahad,5:39 AM,5:49 AM,6:57 AM,1:04 PM,4:10 PM,7:07 PM,8:16 PM
06-Sep-21,28-Muh-1443,Isnin,5:38 AM,5:48 AM,6:57 AM,1:04 PM,4:09 PM,7:07 PM,8:16 PM
07-Sep-21,29-Muh-1443,Selasa,5:38 AM,5:48 AM,6:56 AM,1:03 PM,4:08 PM,7:06 PM,8:16 PM
08-Sep-21,01-Saf-1443,Rabu,5:38 AM,5:48 AM,6:56 AM,1:03 PM,4:07 PM,7:06 PM,8:15 PM
09-Sep-21,02-Saf-1443,Khamis,5:38 AM,5:48 AM,6:56 AM,1:03 PM,4:06 PM,7:06 PM,8:15 PM
10-Sep-21,03-Saf-1443,Jumaat,5:38 AM,5:48 AM,6:56 AM,1:02 PM,4:05 PM,7:05 PM,8:14 PM
11-Sep-21,04-Saf-1443,Sabtu,5:37 AM,5:47 AM,6:55 AM,1:02 PM,4:04 PM,7:05 PM,8:14 PM
12-Sep-21,05-Saf-1443,Ahad,5:37 AM,5:47 AM,6:55 AM,1:02 PM,4:03 PM,7:04 PM,8:13 PM
13-Sep-21,06-Saf-1443,Isnin,5:37 AM,5:47 AM,6:55 AM,1:01 PM,4:02 PM,7:04 PM,8:13 PM
14-Sep-21,07-Saf-1443,Selasa,5:37 AM,5:47 AM,6:55 AM,1:01 PM,4:01 PM,7:03 PM,8:12 PM
15-Sep-21,08-Saf-1443,Rabu,5:36 AM,5:46 AM,6:54 AM,1:01 PM,4:00 PM,7:03 PM,8:12 PM
16-Sep-21,09-Saf-1443,Khamis,5:36 AM,5:46 AM,6:54 AM,1:00 PM,3:59 PM,7:02 PM,8:11 PM
17-Sep-21,10-Saf-1443,Jumaat,5:36 AM,5:46 AM,6:54 AM,1:00 PM,4:00 PM,7:02 PM,8:11 PM
18-Sep-21,11-Saf-1443,Sabtu,5:36 AM,5:46 AM,6:53 AM,12:59 PM,4:00 PM,7:02 PM,8:10 PM
19-Sep-21,12-Saf-1443,Ahad,5:35 AM,5:45 AM,6:53 AM,12:59 PM,4:00 PM,7:01 PM,8:10 PM
20-Sep-21,13-Saf-1443,Isnin,5:35 AM,5:45 AM,6:53 AM,12:59 PM,4:01 PM,7:01 PM,8:10 PM
21-Sep-21,14-Saf-1443,Selasa,5:35 AM,5:45 AM,6:53 AM,12:58 PM,4:01 PM,7:00 PM,8:09 PM
22-Sep-21,15-Saf-1443,Rabu,5:35 AM,5:45 AM,6:52 AM,12:58 PM,4:01 PM,7:00 PM,8:09 PM
23-Sep-21,16-Saf-1443,Khamis,5:34 AM,5:44 AM,6:52 AM,12:57 PM,4:02 PM,6:59 PM,8:08 PM
24-Sep-21,17-Saf-1443,Jumaat,5:34 AM,5:44 AM,6:52 AM,12:57 PM,4:02 PM,6:59 PM,8:08 PM
25-Sep-21,18-Saf-1443,Sabtu,5:34 AM,5:44 AM,6:52 AM,12:57 PM,4:02 PM,6:59 PM,8:07 PM
26-Sep-21,19-Saf-1443,Ahad,5:33 AM,5:43 AM,6:51 AM,12:56 PM,4:02 PM,6:58 PM,8:07 PM
27-Sep-21,20-Saf-1443,Isnin,5:33 AM,5:43 AM,6:51 AM,12:56 PM,4:03 PM,6:58 PM,8:07 PM
28-Sep-21,21-Saf-1443,Selasa,5:33 AM,5:43 AM,6:51 AM,12:56 PM,4:03 PM,6:57 PM,8:06 PM
29-Sep-21,22-Saf-1443,Rabu,5:33 AM,5:43 AM,6:50 AM,12:55 PM,4:03 PM,6:57 PM,8:06 PM
30-Sep-21,23-Saf-1443,Khamis,5:32 AM,5:42 AM,6:50 AM,12:55 PM,4:03 PM,6:57 PM,8:05 PM
01-Oct-21,24-Saf-1443,Jumaat,5:32 AM,5:42 AM,6:50 AM,12:55 PM,4:03 PM,6:56 PM,8:05 PM
02-Oct-21,25-Saf-1443,Sabtu,5:32 AM,5:42 AM,6:50 AM,12:54 PM,4:04 PM,6:56 PM,8:05 PM
03-Oct-21,26-Saf-1443,Ahad,5:32 AM,5:42 AM,6:49 AM,12:54 PM,4:04 PM,6:55 PM,8:04 PM
04-Oct-21,27-Saf-1443,Isnin,5:31 AM,5:41 AM,6:49 AM,12:54 PM,4:04 PM,6:55 PM,8:04 PM
05-Oct-21,28-Saf-1443,Selasa,5:31 AM,5:41 AM,6:49 AM,12:53 PM,4:04 PM,6:55 PM,8:04 PM
06-Oct-21,29-Saf-1443,Rabu,5:31 AM,5:41 AM,6:49 AM,12:53 PM,4:04 PM,6:54 PM,8:03 PM
07-Oct-21,30-Saf-1443,Khamis,5:31 AM,5:41 AM,6:49 AM,12:53 PM,4:05 PM,6:54 PM,8:03 PM
08-Oct-21,01-Raw-1443,Jumaat,5:30 AM,5:40 AM,6:48 AM,12:53 PM,4:05 PM,6:54 PM,8:03 PM
09-Oct-21,02-Raw-1443,Sabtu,5:30 AM,5:40 AM,6:48 AM,12:52 PM,4:05 PM,6:53 PM,8:02 PM
10-Oct-21,03-Raw-1443,Ahad,5:30 AM,5:40 AM,6:48 AM,12:52 PM,4:05 PM,6:53 PM,8:02 PM
11-Oct-21,04-Raw-1443,Isnin,5:30 AM,5:40 AM,6:48 AM,12:52 PM,4:05 PM,6:53 PM,8:02 PM
12-Oct-21,05-Raw-1443,Selasa,5:29 AM,5:39 AM,6:48 AM,12:51 PM,4:05 PM,6:52 PM,8:01 PM
13-Oct-21,06-Raw-1443,Rabu,5:29 AM,5:39 AM,6:47 AM,12:51 PM,4:05 PM,6:52 PM,8:01 PM
14-Oct-21,07-Raw-1443,Khamis,5:29 AM,5:39 AM,6:47 AM,12:51 PM,4:06 PM,6:52 PM,8:01 PM
15-Oct-21,08-Raw-1443,Jumaat,5:29 AM,5:39 AM,6:47 AM,12:51 PM,4:06 PM,6:51 PM,8:01 PM
16-Oct-21,09-Raw-1443,Sabtu,5:28 AM,5:38 AM,6:47 AM,12:51 PM,4:06 PM,6:51 PM,8:01 PM
17-Oct-21,10-Raw-1443,Ahad,5:28 AM,5:38 AM,6:47 AM,12:50 PM,4:06 PM,6:51 PM,8:00 PM
18-Oct-21,11-Raw-1443,Isnin,5:28 AM,5:38 AM,6:47 AM,12:50 PM,4:06 PM,6:50 PM,8:00 PM
19-Oct-21,12-Raw-1443,Selasa,5:28 AM,5:38 AM,6:47 AM,12:50 PM,4:06 PM,6:50 PM,8:00 PM
20-Oct-21,13-Raw-1443,Rabu,5:28 AM,5:38 AM,6:46 AM,12:50 PM,4:06 PM,6:50 PM,8:00 PM
21-Oct-21,14-Raw-1443,Khamis,5:27 AM,5:37 AM,6:46 AM,12:50 PM,4:07 PM,6:50 PM,8:00 PM
22-Oct-21,15-Raw-1443,Jumaat,5:27 AM,5:37 AM,6:46 AM,12:49 PM,4:07 PM,6:49 PM,8:00 PM
23-Oct-21,16-Raw-1443,Sabtu,5:27 AM,5:37 AM,6:46 AM,12:49 PM,4:07 PM,6:49 PM,7:59 PM
24-Oct-21,17-Raw-1443,Ahad,5:27 AM,5:37 AM,6:46 AM,12:49 PM,4:07 PM,6:49 PM,7:59 PM
25-Oct-21,18-Raw-1443,Isnin,5:27 AM,5:37 AM,6:46 AM,12:49 PM,4:07 PM,6:49 PM,7:59 PM
26-Oct-21,19-Raw-1443,Selasa,5:27 AM,5:37 AM,6:46 AM,12:49 PM,4:07 PM,6:49 PM,7:59 PM
27-Oct-21,20-Raw-1443,Rabu,5:26 AM,5:36 AM,6:46 AM,12:49 PM,4:07 PM,6:49 PM,7:59 PM
28-Oct-21,21-Raw-1443,Khamis,5:26 AM,5:36 AM,6:46 AM,12:49 PM,4:08 PM,6:48 PM,7:59 PM
29-Oct-21,22-Raw-1443,Jumaat,5:26 AM,5:36 AM,6:46 AM,12:49 PM,4:08 PM,6:48 PM,7:59 PM
30-Oct-21,23-Raw-1443,Sabtu,5:26 AM,5:36 AM,6:46 AM,12:49 PM,4:08 PM,6:48 PM,7:59 PM
31-Oct-21,24-Raw-1443,Ahad,5:26 AM,5:36 AM,6:46 AM,12:49 PM,4:08 PM,6:48 PM,7:59 PM
01-Nov-21,25-Raw-1443,Isnin,5:26 AM,5:36 AM,6:46 AM,12:49 PM,4:08 PM,6:48 PM,7:59 PM
02-Nov-21,26-Raw-1443,Selasa,5:26 AM,5:36 AM,6:46 AM,12:49 PM,4:08 PM,6:48 PM,7:59 PM
03-Nov-21,27-Raw-1443,Rabu,5:26 AM,5:36 AM,6:46 AM,12:49 PM,4:09 PM,6:48 PM,7:59 PM
04-Nov-21,28-Raw-1443,Khamis,5:26 AM,5:36 AM,6:46 AM,12:49 PM,4:09 PM,6:48 PM,7:59 PM
05-Nov-21,29-Raw-1443,Jumaat,5:26 AM,5:36 AM,6:46 AM,12:49 PM,4:09 PM,6:48 PM,7:59 PM
06-Nov-21,01-Rak-1443,Sabtu,5:26 AM,5:36 AM,6:46 AM,12:49 PM,4:09 PM,6:48 PM,7:59 PM
07-Nov-21,02-Rak-1443,Ahad,5:26 AM,5:36 AM,6:46 AM,12:49 PM,4:09 PM,6:48 PM,7:59 PM
08-Nov-21,03-Rak-1443,Isnin,5:26 AM,5:36 AM,6:46 AM,12:49 PM,4:10 PM,6:48 PM,7:59 PM
09-Nov-21,04-Rak-1443,Selasa,5:26 AM,5:36 AM,6:47 AM,12:49 PM,4:10 PM,6:48 PM,8:00 PM
10-Nov-21,05-Rak-1443,Rabu,5:26 AM,5:36 AM,6:47 AM,12:49 PM,4:10 PM,6:48 PM,8:00 PM
11-Nov-21,06-Rak-1443,Khamis,5:26 AM,5:36 AM,6:47 AM,12:49 PM,4:10 PM,6:48 PM,8:00 PM
12-Nov-21,07-Rak-1443,Jumaat,5:26 AM,5:36 AM,6:47 AM,12:49 PM,4:11 PM,6:48 PM,8:00 PM
13-Nov-21,08-Rak-1443,Sabtu,5:26 AM,5:36 AM,6:47 AM,12:49 PM,4:11 PM,6:48 PM,8:00 PM
14-Nov-21,09-Rak-1443,Ahad,5:26 AM,5:36 AM,6:47 AM,12:49 PM,4:11 PM,6:48 PM,8:01 PM
15-Nov-21,10-Rak-1443,Isnin,5:26 AM,5:36 AM,6:48 AM,12:50 PM,4:11 PM,6:48 PM,8:01 PM
16-Nov-21,11-Rak-1443,Selasa,5:26 AM,5:36 AM,6:48 AM,12:50 PM,4:12 PM,6:48 PM,8:01 PM
17-Nov-21,12-Rak-1443,Rabu,5:26 AM,5:36 AM,6:48 AM,12:50 PM,4:12 PM,6:49 PM,8:01 PM
18-Nov-21,13-Rak-1443,Khamis,5:27 AM,5:37 AM,6:48 AM,12:50 PM,4:12 PM,6:49 PM,8:01 PM
19-Nov-21,14-Rak-1443,Jumaat,5:27 AM,5:37 AM,6:49 AM,12:50 PM,4:12 PM,6:49 PM,8:02 PM
20-Nov-21,15-Rak-1443,Sabtu,5:27 AM,5:37 AM,6:49 AM,12:51 PM,4:13 PM,6:49 PM,8:02 PM
21-Nov-21,16-Rak-1443,Ahad,5:27 AM,5:37 AM,6:49 AM,12:51 PM,4:13 PM,6:49 PM,8:02 PM
22-Nov-21,17-Rak-1443,Isnin,5:27 AM,5:37 AM,6:49 AM,12:51 PM,4:13 PM,6:49 PM,8:03 PM
23-Nov-21,18-Rak-1443,Selasa,5:28 AM,5:38 AM,6:50 AM,12:51 PM,4:14 PM,6:50 PM,8:03 PM
24-Nov-21,19-Rak-1443,Rabu,5:28 AM,5:38 AM,6:50 AM,12:52 PM,4:14 PM,6:50 PM,8:03 PM
25-Nov-21,20-Rak-1443,Khamis,5:28 AM,5:38 AM,6:50 AM,12:52 PM,4:14 PM,6:50 PM,8:04 PM
26-Nov-21,21-Rak-1443,Jumaat,5:28 AM,5:38 AM,6:51 AM,12:52 PM,4:15 PM,6:50 PM,8:04 PM
27-Nov-21,22-Rak-1443,Sabtu,5:28 AM,5:38 AM,6:51 AM,12:53 PM,4:15 PM,6:51 PM,8:04 PM
28-Nov-21,23-Rak-1443,Ahad,5:29 AM,5:39 AM,6:52 AM,12:53 PM,4:16 PM,6:51 PM,8:05 PM
29-Nov-21,24-Rak-1443,Isnin,5:29 AM,5:39 AM,6:52 AM,12:53 PM,4:16 PM,6:51 PM,8:05 PM
30-Nov-21,25-Rak-1443,Selasa,5:29 AM,5:39 AM,6:52 AM,12:54 PM,4:16 PM,6:52 PM,8:06 PM
01-Dec-21,26-Rak-1443,Rabu,5:30 AM,5:40 AM,6:53 AM,12:54 PM,4:17 PM,6:52 PM,8:06 PM
02-Dec-21,27-Rak-1443,Khamis,5:30 AM,5:40 AM,6:53 AM,12:54 PM,4:17 PM,6:52 PM,8:07 PM
03-Dec-21,28-Rak-1443,Jumaat,5:30 AM,5:40 AM,6:54 AM,12:55 PM,4:18 PM,6:53 PM,8:07 PM
04-Dec-21,29-Rak-1443,Sabtu,5:31 AM,5:41 AM,6:54 AM,12:55 PM,4:18 PM,6:53 PM,8:07 PM
05-Dec-21,30-Rak-1443,Ahad,5:31 AM,5:41 AM,6:54 AM,12:56 PM,4:18 PM,6:54 PM,8:08 PM
06-Dec-21,01-Jaw-1443,Isnin,5:31 AM,5:41 AM,6:55 AM,12:56 PM,4:19 PM,6:54 PM,8:08 PM
07-Dec-21,02-Jaw-1443,Selasa,5:32 AM,5:42 AM,6:55 AM,12:56 PM,4:19 PM,6:54 PM,8:09 PM
08-Dec-21,03-Jaw-1443,Rabu,5:32 AM,5:42 AM,6:56 AM,12:57 PM,4:20 PM,6:55 PM,8:09 PM
09-Dec-21,04-Jaw-1443,Khamis,5:33 AM,5:43 AM,6:56 AM,12:57 PM,4:20 PM,6:55 PM,8:10 PM
10-Dec-21,05-Jaw-1443,Jumaat,5:33 AM,5:43 AM,6:57 AM,12:58 PM,4:21 PM,6:56 PM,8:10 PM
11-Dec-21,06-Jaw-1443,Sabtu,5:33 AM,5:43 AM,6:57 AM,12:58 PM,4:21 PM,6:56 PM,8:11 PM
12-Dec-21,07-Jaw-1443,Ahad,5:34 AM,5:44 AM,6:58 AM,12:59 PM,4:22 PM,6:57 PM,8:11 PM
13-Dec-21,08-Jaw-1443,Isnin,5:34 AM,5:44 AM,6:58 AM,12:59 PM,4:22 PM,6:57 PM,8:12 PM
14-Dec-21,09-Jaw-1443,Selasa,5:35 AM,5:45 AM,6:59 AM,1:00 PM,4:23 PM,6:57 PM,8:12 PM
15-Dec-21,10-Jaw-1443,Rabu,5:35 AM,5:45 AM,6:59 AM,1:00 PM,4:23 PM,6:58 PM,8:13 PM
16-Dec-21,11-Jaw-1443,Khamis,5:36 AM,5:46 AM,7:00 AM,1:01 PM,4:24 PM,6:58 PM,8:13 PM
17-Dec-21,12-Jaw-1443,Jumaat,5:36 AM,5:46 AM,7:00 AM,1:01 PM,4:24 PM,6:59 PM,8:14 PM
18-Dec-21,13-Jaw-1443,Sabtu,5:37 AM,5:47 AM,7:01 AM,1:02 PM,4:25 PM,6:59 PM,8:14 PM
19-Dec-21,14-Jaw-1443,Ahad,5:37 AM,5:47 AM,7:01 AM,1:02 PM,4:25 PM,7:00 PM,8:15 PM
20-Dec-21,15-Jaw-1443,Isnin,5:38 AM,5:48 AM,7:02 AM,1:03 PM,4:26 PM,7:00 PM,8:15 PM
21-Dec-21,16-Jaw-1443,Selasa,5:38 AM,5:48 AM,7:02 AM,1:03 PM,4:26 PM,7:01 PM,8:16 PM
22-Dec-21,17-Jaw-1443,Rabu,5:39 AM,5:49 AM,7:03 AM,1:03 PM,4:27 PM,7:01 PM,8:16 PM
23-Dec-21,18-Jaw-1443,Khamis,5:39 AM,5:49 AM,7:03 AM,1:04 PM,4:27 PM,7:02 PM,8:17 PM
24-Dec-21,19-Jaw-1443,Jumaat,5:40 AM,5:50 AM,7:04 AM,1:04 PM,4:28 PM,7:02 PM,8:17 PM
25-Dec-21,20-Jaw-1443,Sabtu,5:40 AM,5:50 AM,7:04 AM,1:05 PM,4:28 PM,7:03 PM,8:18 PM
26-Dec-21,21-Jaw-1443,Ahad,5:41 AM,5:51 AM,7:04 AM,1:05 PM,4:29 PM,7:03 PM,8:18 PM
27-Dec-21,22-Jaw-1443,Isnin,5:41 AM,5:51 AM,7:05 AM,1:06 PM,4:29 PM,7:04 PM,8:19 PM
28-Dec-21,23-Jaw-1443,Selasa,5:42 AM,5:52 AM,7:05 AM,1:06 PM,4:30 PM,7:04 PM,8:19 PM
29-Dec-21,24-Jaw-1443,Rabu,5:42 AM,5:52 AM,7:06 AM,1:07 PM,4:30 PM,7:05 PM,8:20 PM
30-Dec-21,25-Jaw-1443,Khamis,5:43 AM,5:53 AM,7:06 AM,1:07 PM,4:31 PM,7:05 PM,8:20 PM
31-Dec-21,26-Jaw-1443,Jumaat,5:43 AM,5:53 AM,7:07 AM,1:08 PM,4:31 PM,7:06 PM,8:21 PM
